politician,topic,n_posts,n_above,coverage,ci_low_95,ci_high_95,ci_width
Elly Schlein,Democrazia e legalità,498,282,0.5663,0.5224,0.6091,0.0867
Elly Schlein,Lavoro e economia,498,177,0.3554,0.3146,0.3984,0.0838
Elly Schlein,Salute e welfare,498,112,0.2249,0.1904,0.2636,0.0732
Elly Schlein,Costo della vita,498,102,0.2048,0.1717,0.2425,0.0708
Elly Schlein,Difesa e sicurezza,498,98,0.1968,0.1642,0.234,0.0697
Elly Schlein,Istruzione e formazione,498,57,0.1145,0.0894,0.1454,0.056
Elly Schlein,Uguaglianza di genere,498,49,0.0984,0.0752,0.1277,0.0525
Elly Schlein,Ambiente e clima,498,34,0.0683,0.0493,0.0939,0.0446
Elly Schlein,Immigrazione,498,30,0.0602,0.0425,0.0847,0.0422
Elly Schlein,Abitazione,498,30,0.0602,0.0425,0.0847,0.0422
Giorgia Meloni,Democrazia e legalità,330,121,0.3667,0.3165,0.4199,0.1034
Giorgia Meloni,Difesa e sicurezza,330,105,0.3182,0.2703,0.3703,0.1
Giorgia Meloni,Lavoro e economia,330,103,0.3121,0.2645,0.364,0.0995
Giorgia Meloni,Immigrazione,330,26,0.0788,0.0543,0.1129,0.0586
Giorgia Meloni,Salute e welfare,330,24,0.0727,0.0494,0.1059,0.0566
Giorgia Meloni,Ambiente e clima,330,23,0.0697,0.0469,0.1024,0.0555
Giorgia Meloni,Costo della vita,330,18,0.0545,0.0348,0.0846,0.0498
Giorgia Meloni,Istruzione e formazione,330,17,0.0515,0.0324,0.0809,0.0485
Giorgia Meloni,Abitazione,330,8,0.0242,0.0123,0.0471,0.0348
Giorgia Meloni,Uguaglianza di genere,330,4,0.0121,0.0047,0.0307,0.026
Giuseppe Conte,Democrazia e legalità,472,232,0.4915,0.4467,0.5365,0.0898
Giuseppe Conte,Lavoro e economia,472,213,0.4513,0.407,0.4964,0.0894
Giuseppe Conte,Difesa e sicurezza,472,194,0.411,0.3675,0.4559,0.0884
Giuseppe Conte,Costo della vita,472,159,0.3369,0.2957,0.3807,0.085
Giuseppe Conte,Salute e welfare,472,144,0.3051,0.2653,0.3481,0.0828
Giuseppe Conte,Istruzione e formazione,472,72,0.1525,0.1229,0.1878,0.0649
Giuseppe Conte,Abitazione,472,30,0.0636,0.0449,0.0893,0.0444
Giuseppe Conte,Ambiente e clima,472,27,0.0572,0.0396,0.0819,0.0423
Giuseppe Conte,Immigrazione,472,15,0.0318,0.0194,0.0518,0.0324
Giuseppe Conte,Uguaglianza di genere,472,7,0.0148,0.0072,0.0303,0.0231
carlocalenda,Democrazia e legalità,588,393,0.6684,0.6293,0.7052,0.0759
carlocalenda,Difesa e sicurezza,588,219,0.3724,0.3343,0.4122,0.0779
carlocalenda,Lavoro e economia,588,150,0.2551,0.2215,0.2918,0.0703
carlocalenda,Costo della vita,588,56,0.0952,0.0741,0.1217,0.0476
carlocalenda,Salute e welfare,588,55,0.0935,0.0726,0.1198,0.0472
carlocalenda,Istruzione e formazione,588,47,0.0799,0.0606,0.1047,0.044
carlocalenda,Ambiente e clima,588,24,0.0408,0.0276,0.06,0.0324
carlocalenda,Immigrazione,588,13,0.0221,0.013,0.0375,0.0245
carlocalenda,Abitazione,588,9,0.0153,0.0081,0.0288,0.0208
carlocalenda,Uguaglianza di genere,588,8,0.0136,0.0069,0.0266,0.0197
matteosalviniofficial,Democrazia e legalità,610,229,0.3754,0.3379,0.4145,0.0766
matteosalviniofficial,Difesa e sicurezza,610,224,0.3672,0.3299,0.4062,0.0763
matteosalviniofficial,Immigrazione,610,96,0.1574,0.1306,0.1884,0.0578
matteosalviniofficial,Lavoro e economia,610,95,0.1557,0.1291,0.1867,0.0575
matteosalviniofficial,Istruzione e formazione,610,35,0.0574,0.0415,0.0788,0.0372
matteosalviniofficial,Salute e welfare,610,28,0.0459,0.0319,0.0655,0.0336
matteosalviniofficial,Ambiente e clima,610,21,0.0344,0.0226,0.0521,0.0294
matteosalviniofficial,Costo della vita,610,21,0.0344,0.0226,0.0521,0.0294
matteosalviniofficial,Abitazione,610,21,0.0344,0.0226,0.0521,0.0294
matteosalviniofficial,Uguaglianza di genere,610,16,0.0262,0.0162,0.0422,0.026
nicolafratoianni,Lavoro e economia,219,107,0.4886,0.4232,0.5544,0.1313
nicolafratoianni,Democrazia e legalità,219,104,0.4749,0.4098,0.5409,0.1311
nicolafratoianni,Costo della vita,219,77,0.3516,0.2914,0.4169,0.1255
nicolafratoianni,Salute e welfare,219,60,0.274,0.2192,0.3366,0.1174
nicolafratoianni,Difesa e sicurezza,219,55,0.2511,0.1983,0.3125,0.1142
nicolafratoianni,Istruzione e formazione,219,40,0.1826,0.1371,0.2391,0.102
nicolafratoianni,Abitazione,219,21,0.0959,0.0636,0.1421,0.0786
nicolafratoianni,Ambiente e clima,219,18,0.0822,0.0526,0.1262,0.0735
nicolafratoianni,Uguaglianza di genere,219,9,0.0411,0.0218,0.0762,0.0545
nicolafratoianni,Immigrazione,219,4,0.0183,0.0071,0.046,0.0389
silviasalis,Democrazia e legalità,336,126,0.375,0.3249,0.4279,0.103
silviasalis,Lavoro e economia,336,125,0.372,0.3221,0.4249,0.1028
silviasalis,Salute e welfare,336,70,0.2083,0.1683,0.2549,0.0866
silviasalis,Istruzione e formazione,336,55,0.1637,0.128,0.207,0.079
silviasalis,Costo della vita,336,52,0.1548,0.12,0.1973,0.0773
silviasalis,Abitazione,336,48,0.1429,0.1095,0.1843,0.0748
silviasalis,Difesa e sicurezza,336,46,0.1369,0.1042,0.1778,0.0736
silviasalis,Ambiente e clima,336,43,0.128,0.0964,0.1679,0.0715
silviasalis,Uguaglianza di genere,336,39,0.1161,0.0861,0.1547,0.0687
silviasalis,Immigrazione,336,7,0.0208,0.0101,0.0424,0.0322
