politician,threshold,topic,youth_rank,coverage,rank
Elly Schlein,2,Democrazia e legalità,8.5,0.7289,1.0
Elly Schlein,2,Lavoro e economia,2.0,0.4197,2.0
Elly Schlein,2,Costo della vita,3.5,0.2791,3.5
Elly Schlein,2,Difesa e sicurezza,7.0,0.2791,3.5
Elly Schlein,2,Salute e welfare,3.5,0.2731,5.0
Elly Schlein,2,Istruzione e formazione,5.0,0.1466,6.0
Elly Schlein,2,Uguaglianza di genere,6.0,0.1265,7.0
Elly Schlein,2,Immigrazione,8.5,0.0823,8.0
Elly Schlein,2,Ambiente e clima,1.0,0.0783,9.0
Elly Schlein,2,Abitazione,10.0,0.0743,10.0
Elly Schlein,3,Democrazia e legalità,8.5,0.5663,1.0
Elly Schlein,3,Lavoro e economia,2.0,0.3554,2.0
Elly Schlein,3,Salute e welfare,3.5,0.2249,3.0
Elly Schlein,3,Costo della vita,3.5,0.2048,4.0
Elly Schlein,3,Difesa e sicurezza,7.0,0.1968,5.0
Elly Schlein,3,Istruzione e formazione,5.0,0.1145,6.0
Elly Schlein,3,Uguaglianza di genere,6.0,0.0984,7.0
Elly Schlein,3,Ambiente e clima,1.0,0.0683,8.0
Elly Schlein,3,Immigrazione,8.5,0.0602,9.5
Elly Schlein,3,Abitazione,10.0,0.0602,9.5
Elly Schlein,4,Democrazia e legalità,8.5,0.3153,1.0
Elly Schlein,4,Lavoro e economia,2.0,0.251,2.0
Elly Schlein,4,Salute e welfare,3.5,0.1305,3.0
Elly Schlein,4,Costo della vita,3.5,0.1084,4.0
Elly Schlein,4,Difesa e sicurezza,7.0,0.0763,5.0
Elly Schlein,4,Uguaglianza di genere,6.0,0.0622,6.0
Elly Schlein,4,Istruzione e formazione,5.0,0.0462,7.0
Elly Schlein,4,Abitazione,10.0,0.0341,8.0
Elly Schlein,4,Immigrazione,8.5,0.0301,9.0
Elly Schlein,4,Ambiente e clima,1.0,0.0241,10.0
Giorgia Meloni,2,Democrazia e legalità,8.5,0.5242,1.0
Giorgia Meloni,2,Difesa e sicurezza,7.0,0.3848,2.0
Giorgia Meloni,2,Lavoro e economia,2.0,0.3697,3.0
Giorgia Meloni,2,Salute e welfare,3.5,0.1091,4.0
Giorgia Meloni,2,Immigrazione,8.5,0.097,5.0
Giorgia Meloni,2,Costo della vita,3.5,0.0909,6.0
Giorgia Meloni,2,Ambiente e clima,1.0,0.0848,7.0
Giorgia Meloni,2,Istruzione e formazione,5.0,0.0667,8.0
Giorgia Meloni,2,Uguaglianza di genere,6.0,0.0333,9.0
Giorgia Meloni,2,Abitazione,10.0,0.0303,10.0
Giorgia Meloni,3,Democrazia e legalità,8.5,0.3667,1.0
Giorgia Meloni,3,Difesa e sicurezza,7.0,0.3182,2.0
Giorgia Meloni,3,Lavoro e economia,2.0,0.3121,3.0
Giorgia Meloni,3,Immigrazione,8.5,0.0788,4.0
Giorgia Meloni,3,Salute e welfare,3.5,0.0727,5.0
Giorgia Meloni,3,Ambiente e clima,1.0,0.0697,6.0
Giorgia Meloni,3,Costo della vita,3.5,0.0545,7.0
Giorgia Meloni,3,Istruzione e formazione,5.0,0.0515,8.0
Giorgia Meloni,3,Abitazione,10.0,0.0242,9.0
Giorgia Meloni,3,Uguaglianza di genere,6.0,0.0121,10.0
Giorgia Meloni,4,Difesa e sicurezza,7.0,0.2394,1.0
Giorgia Meloni,4,Democrazia e legalità,8.5,0.1788,2.0
Giorgia Meloni,4,Lavoro e economia,2.0,0.1727,3.0
Giorgia Meloni,4,Immigrazione,8.5,0.0576,4.0
Giorgia Meloni,4,Costo della vita,3.5,0.0303,5.0
Giorgia Meloni,4,Ambiente e clima,1.0,0.0242,6.0
Giorgia Meloni,4,Istruzione e formazione,5.0,0.0212,7.0
Giorgia Meloni,4,Salute e welfare,3.5,0.0182,8.0
Giorgia Meloni,4,Abitazione,10.0,0.0152,9.0
Giorgia Meloni,4,Uguaglianza di genere,6.0,0.0061,10.0
Giuseppe Conte,2,Democrazia e legalità,8.5,0.7446,1.0
Giuseppe Conte,2,Lavoro e economia,2.0,0.5238,2.0
Giuseppe Conte,2,Difesa e sicurezza,7.0,0.4372,3.0
Giuseppe Conte,2,Costo della vita,3.5,0.3983,4.0
Giuseppe Conte,2,Salute e welfare,3.5,0.3247,5.0
Giuseppe Conte,2,Istruzione e formazione,5.0,0.1775,6.0
Giuseppe Conte,2,Abitazione,10.0,0.0952,7.0
Giuseppe Conte,2,Ambiente e clima,1.0,0.0693,8.0
Giuseppe Conte,2,Immigrazione,8.5,0.0606,9.0
Giuseppe Conte,2,Uguaglianza di genere,6.0,0.026,10.0
Giuseppe Conte,3,Democrazia e legalità,8.5,0.5065,1.0
Giuseppe Conte,3,Lavoro e economia,2.0,0.4242,2.0
Giuseppe Conte,3,Difesa e sicurezza,7.0,0.3463,3.0
Giuseppe Conte,3,Costo della vita,3.5,0.3203,4.0
Giuseppe Conte,3,Salute e welfare,3.5,0.2987,5.0
Giuseppe Conte,3,Istruzione e formazione,5.0,0.1558,6.0
Giuseppe Conte,3,Abitazione,10.0,0.0693,7.0
Giuseppe Conte,3,Ambiente e clima,1.0,0.0649,8.0
Giuseppe Conte,3,Immigrazione,8.5,0.0433,9.0
Giuseppe Conte,3,Uguaglianza di genere,6.0,0.0173,10.0
Giuseppe Conte,4,Lavoro e economia,2.0,0.2857,1.0
Giuseppe Conte,4,Democrazia e legalità,8.5,0.2468,2.0
Giuseppe Conte,4,Costo della vita,3.5,0.2035,3.0
Giuseppe Conte,4,Difesa e sicurezza,7.0,0.1732,4.0
Giuseppe Conte,4,Salute e welfare,3.5,0.1342,5.0
Giuseppe Conte,4,Istruzione e formazione,5.0,0.0476,6.0
Giuseppe Conte,4,Immigrazione,8.5,0.026,7.5
Giuseppe Conte,4,Abitazione,10.0,0.026,7.5
Giuseppe Conte,4,Ambiente e clima,1.0,0.0043,9.5
Giuseppe Conte,4,Uguaglianza di genere,6.0,0.0043,9.5
carlocalenda,2,Democrazia e legalità,8.5,0.7959,1.0
carlocalenda,2,Difesa e sicurezza,7.0,0.4762,2.0
carlocalenda,2,Lavoro e economia,2.0,0.3656,3.0
carlocalenda,2,Costo della vita,3.5,0.1395,4.0
carlocalenda,2,Salute e welfare,3.5,0.1224,5.0
carlocalenda,2,Istruzione e formazione,5.0,0.1037,6.0
carlocalenda,2,Ambiente e clima,1.0,0.0697,7.0
carlocalenda,2,Immigrazione,8.5,0.0527,8.0
carlocalenda,2,Abitazione,10.0,0.034,9.0
carlocalenda,2,Uguaglianza di genere,6.0,0.0204,10.0
carlocalenda,3,Democrazia e legalità,8.5,0.6684,1.0
carlocalenda,3,Difesa e sicurezza,7.0,0.3724,2.0
carlocalenda,3,Lavoro e economia,2.0,0.2551,3.0
carlocalenda,3,Costo della vita,3.5,0.0952,4.0
carlocalenda,3,Salute e welfare,3.5,0.0935,5.0
carlocalenda,3,Istruzione e formazione,5.0,0.0799,6.0
carlocalenda,3,Ambiente e clima,1.0,0.0408,7.0
carlocalenda,3,Immigrazione,8.5,0.0221,8.0
carlocalenda,3,Abitazione,10.0,0.0153,9.0
carlocalenda,3,Uguaglianza di genere,6.0,0.0136,10.0
carlocalenda,4,Democrazia e legalità,8.5,0.3588,1.0
carlocalenda,4,Difesa e sicurezza,7.0,0.2245,2.0
carlocalenda,4,Lavoro e economia,2.0,0.1276,3.0
carlocalenda,4,Costo della vita,3.5,0.0442,4.0
carlocalenda,4,Salute e welfare,3.5,0.034,5.5
carlocalenda,4,Istruzione e formazione,5.0,0.034,5.5
carlocalenda,4,Immigrazione,8.5,0.0136,7.0
carlocalenda,4,Ambiente e clima,1.0,0.0119,8.0
carlocalenda,4,Abitazione,10.0,0.0068,9.0
carlocalenda,4,Uguaglianza di genere,6.0,0.0051,10.0
matteosalviniofficial,2,Democrazia e legalità,8.5,0.541,1.0
matteosalviniofficial,2,Difesa e sicurezza,7.0,0.4213,2.0
matteosalviniofficial,2,Lavoro e economia,2.0,0.2148,3.0
matteosalviniofficial,2,Immigrazione,8.5,0.1885,4.0
matteosalviniofficial,2,Salute e welfare,3.5,0.0852,5.0
matteosalviniofficial,2,Istruzione e formazione,5.0,0.077,6.0
matteosalviniofficial,2,Costo della vita,3.5,0.0574,7.0
matteosalviniofficial,2,Abitazione,10.0,0.0557,8.0
matteosalviniofficial,2,Ambiente e clima,1.0,0.0459,9.0
matteosalviniofficial,2,Uguaglianza di genere,6.0,0.0443,10.0
matteosalviniofficial,3,Democrazia e legalità,8.5,0.3754,1.0
matteosalviniofficial,3,Difesa e sicurezza,7.0,0.3672,2.0
matteosalviniofficial,3,Immigrazione,8.5,0.1574,3.0
matteosalviniofficial,3,Lavoro e economia,2.0,0.1557,4.0
matteosalviniofficial,3,Istruzione e formazione,5.0,0.0574,5.0
matteosalviniofficial,3,Salute e welfare,3.5,0.0459,6.0
matteosalviniofficial,3,Ambiente e clima,1.0,0.0344,8.0
matteosalviniofficial,3,Costo della vita,3.5,0.0344,8.0
matteosalviniofficial,3,Abitazione,10.0,0.0344,8.0
matteosalviniofficial,3,Uguaglianza di genere,6.0,0.0262,10.0
matteosalviniofficial,4,Difesa e sicurezza,7.0,0.2082,1.0
matteosalviniofficial,4,Democrazia e legalità,8.5,0.1426,2.0
matteosalviniofficial,4,Immigrazione,8.5,0.1115,3.0
matteosalviniofficial,4,Lavoro e economia,2.0,0.059,4.0
matteosalviniofficial,4,Istruzione e formazione,5.0,0.0213,5.0
matteosalviniofficial,4,Costo della vita,3.5,0.0148,6.5
matteosalviniofficial,4,Salute e welfare,3.5,0.0148,6.5
matteosalviniofficial,4,Ambiente e clima,1.0,0.0115,8.0
matteosalviniofficial,4,Abitazione,10.0,0.0098,9.0
matteosalviniofficial,4,Uguaglianza di genere,6.0,0.0082,10.0
nicolafratoianni,2,Democrazia e legalità,8.5,0.726,1.0
nicolafratoianni,2,Lavoro e economia,2.0,0.5799,2.0
nicolafratoianni,2,Costo della vita,3.5,0.4292,3.0
nicolafratoianni,2,Salute e welfare,3.5,0.3059,4.5
nicolafratoianni,2,Difesa e sicurezza,7.0,0.3059,4.5
nicolafratoianni,2,Istruzione e formazione,5.0,0.1918,6.0
nicolafratoianni,2,Ambiente e clima,1.0,0.1096,7.5
nicolafratoianni,2,Abitazione,10.0,0.1096,7.5
nicolafratoianni,2,Uguaglianza di genere,6.0,0.0685,9.0
nicolafratoianni,2,Immigrazione,8.5,0.0274,10.0
nicolafratoianni,3,Lavoro e economia,2.0,0.4886,1.0
nicolafratoianni,3,Democrazia e legalità,8.5,0.4749,2.0
nicolafratoianni,3,Costo della vita,3.5,0.3516,3.0
nicolafratoianni,3,Salute e welfare,3.5,0.274,4.0
nicolafratoianni,3,Difesa e sicurezza,7.0,0.2511,5.0
nicolafratoianni,3,Istruzione e formazione,5.0,0.1826,6.0
nicolafratoianni,3,Abitazione,10.0,0.0959,7.0
nicolafratoianni,3,Ambiente e clima,1.0,0.0822,8.0
nicolafratoianni,3,Uguaglianza di genere,6.0,0.0411,9.0
nicolafratoianni,3,Immigrazione,8.5,0.0183,10.0
nicolafratoianni,4,Lavoro e economia,2.0,0.379,1.0
nicolafratoianni,4,Costo della vita,3.5,0.2603,2.0
nicolafratoianni,4,Democrazia e legalità,8.5,0.1963,3.0
nicolafratoianni,4,Salute e welfare,3.5,0.1096,4.0
nicolafratoianni,4,Istruzione e formazione,5.0,0.0959,5.0
nicolafratoianni,4,Difesa e sicurezza,7.0,0.0868,6.0
nicolafratoianni,4,Abitazione,10.0,0.0411,7.0
nicolafratoianni,4,Ambiente e clima,1.0,0.032,8.0
nicolafratoianni,4,Uguaglianza di genere,6.0,0.0091,9.0
nicolafratoianni,4,Immigrazione,8.5,0.0046,10.0
silviasalis,2,Lavoro e economia,2.0,0.5,1.0
silviasalis,2,Democrazia e legalità,8.5,0.4435,2.0
silviasalis,2,Salute e welfare,3.5,0.2903,3.5
silviasalis,2,Istruzione e formazione,5.0,0.2903,3.5
silviasalis,2,Difesa e sicurezza,7.0,0.2823,5.0
silviasalis,2,Costo della vita,3.5,0.2419,6.0
silviasalis,2,Ambiente e clima,1.0,0.2339,7.0
silviasalis,2,Abitazione,10.0,0.1855,8.0
silviasalis,2,Uguaglianza di genere,6.0,0.1613,9.0
silviasalis,2,Immigrazione,8.5,0.0806,10.0
silviasalis,3,Lavoro e economia,2.0,0.3548,1.0
silviasalis,3,Democrazia e legalità,8.5,0.3387,2.0
silviasalis,3,Istruzione e formazione,5.0,0.2339,3.0
silviasalis,3,Ambiente e clima,1.0,0.1855,4.5
silviasalis,3,Salute e welfare,3.5,0.1855,4.5
silviasalis,3,Difesa e sicurezza,7.0,0.1774,6.0
silviasalis,3,Costo della vita,3.5,0.1452,7.0
silviasalis,3,Abitazione,10.0,0.121,8.0
silviasalis,3,Uguaglianza di genere,6.0,0.1129,9.0
silviasalis,3,Immigrazione,8.5,0.0242,10.0
silviasalis,4,Lavoro e economia,2.0,0.2177,1.0
silviasalis,4,Istruzione e formazione,5.0,0.129,2.0
silviasalis,4,Democrazia e legalità,8.5,0.1129,3.0
silviasalis,4,Ambiente e clima,1.0,0.0968,4.0
silviasalis,4,Salute e welfare,3.5,0.0887,5.0
silviasalis,4,Uguaglianza di genere,6.0,0.0806,6.5
silviasalis,4,Difesa e sicurezza,7.0,0.0806,6.5
silviasalis,4,Costo della vita,3.5,0.0565,8.5
silviasalis,4,Abitazione,10.0,0.0565,8.5
silviasalis,4,Immigrazione,8.5,0.0,10.0
